user_input,output,flag,username,timestamp
cleaning cosmetics,"Cosmetics manufacturing requires critical cleaning to meet strict regulations and maintain product quality. The cleaning process involves removing all contaminants such as dust, dirt, oils, and bacteria that can potentially harm the product's performance or cause health issues to consumers. 

One of the most common methods used for cleaning cosmetics manufacturing equipment is ultrasonic cleaning. This method utilizes high-frequency sound waves to create microscopic bubbles that penetrate every nook and cranny of the equipment or parts being cleaned, effectively removing all contaminants, even in hard-to-reach areas.

Chemical cleaning solutions, such as solvents, detergents, and disinfectants, are also used in cosmetics manufacturing cleaning. These solutions are carefully selected based on the type of equipment being cleaned and the nature of the contaminants being removed. Clean-in-place (CIP) technology is also commonly used for the cleaning of cosmetic manufacturing equipment, which involves rinsing, washing, and disinfecting the equipment without disassembling them.

Overall, proper cleaning procedures and techniques are crucial to ensure that the cosmetic products manufactured are safe and of high quality.",,,2023-04-26 11:20:38.322784
cleaning cosmetics,"Cosmetics manufacturing requires critical cleaning to meet strict regulations and maintain product quality. The cleaning process involves removing all contaminants such as dust, dirt, oils, and bacteria that can potentially harm the product's performance or cause health issues to consumers. 

One of the most common methods used for cleaning cosmetics manufacturing equipment is ultrasonic cleaning. This method utilizes high-frequency sound waves to create microscopic bubbles that penetrate every nook and cranny of the equipment or parts being cleaned, effectively removing all contaminants, even in hard-to-reach areas.

Chemical cleaning solutions, such as solvents, detergents, and disinfectants, are also used in cosmetics manufacturing cleaning. These solutions are carefully selected based on the type of equipment being cleaned and the nature of the contaminants being removed. Clean-in-place (CIP) technology is also commonly used for the cleaning of cosmetic manufacturing equipment, which involves rinsing, washing, and disinfecting the equipment without disassembling them.

Overall, proper cleaning procedures and techniques are crucial to ensure that the cosmetic products manufactured are safe and of high quality.",,,2023-04-26 11:20:44.623806
